
INSERT INTO TEAM VALUES (111, 1, 'ONE');
INSERT INTO TEAM VALUES (222, 2, 'TWO');
INSERT INTO TEAM VALUES (333, 3, 'THREE');
INSERT INTO TEAM VALUES (444, 4, 'FOUR');
INSERT INTO TEAM VALUES (555, 5, 'FIVE');
INSERT INTO TEAM VALUES (666, 6, 'SIX');
INSERT INTO TEAM VALUES (777, 7, 'SEVEN');
INSERT INTO TEAM VALUES (888, 8, 'EIGHT');
INSERT INTO TEAM VALUES (999, 9, 'NINE');
INSERT INTO TEAM VALUES (100, 10, 'TEN');

INSERT INTO HOSPITAL  VALUES (101, 'New York', 1234567890);
INSERT INTO HOSPITAL  VALUES (102, 'Los Angeles', 2345678901);
INSERT INTO HOSPITAL  VALUES (103, 'Chicago', 3456789012);
INSERT INTO HOSPITAL  VALUES (104, 'Houston', 4567890123);
INSERT INTO HOSPITAL  VALUES (105, 'Phoenix', 5678901234);
INSERT INTO HOSPITAL  VALUES (106, 'Philadelphia', 6789012345);
INSERT INTO HOSPITAL  VALUES (107, 'San Antonio', 7890123456);
INSERT INTO HOSPITAL  VALUES (108, 'San Diego', 8901234567);
INSERT INTO HOSPITAL  VALUES (109, 'Dallas', 9012345678);
INSERT INTO HOSPITAL  VALUES (110, 'San Jose', 1012345678);


INSERT INTO CALL  VALUES (1, 3, 'Heart Attack', TO_DATE('2024-05-01', 'YYYY-MM-DD'), 111, 101);
INSERT INTO CALL  VALUES (2, 2, 'Car Accident', TO_DATE('2024-05-02', 'YYYY-MM-DD'), 222, 102);
INSERT INTO CALL  VALUES (3, 1, 'Fire Incident', TO_DATE('2024-05-03', 'YYYY-MM-DD'), 333, 103);
INSERT INTO CALL  VALUES (4, 4, 'Stroke', TO_DATE('2024-05-04', 'YYYY-MM-DD'), 444, 104);
INSERT INTO CALL  VALUES (5, 5, 'COVID-19', TO_DATE('2024-05-05', 'YYYY-MM-DD'), 555, 105);
INSERT INTO CALL  VALUES (6, 2, 'Robbery', TO_DATE('2024-05-06', 'YYYY-MM-DD'), 666, 106);
INSERT INTO CALL  VALUES (7, 3, 'Drowning', TO_DATE('2024-05-07', 'YYYY-MM-DD'), 777, 107);
INSERT INTO CALL  VALUES (8, 1, 'Earthquake', TO_DATE('2024-05-08', 'YYYY-MM-DD'), 888, 108);
INSERT INTO CALL  VALUES (9, 4, 'Explosion', TO_DATE('2024-05-09', 'YYYY-MM-DD'), 999, 109);
INSERT INTO CALL  VALUES (10, 5, 'Tornado', TO_DATE('2024-05-10', 'YYYY-MM-DD'), 100, 110);



INSERT INTO EMPLOYEE VALUES (101, 'Alice', 50000, 111);
INSERT INTO EMPLOYEE  VALUES (102, 'Bob', 55000, 222);
INSERT INTO EMPLOYEE  VALUES (103, 'Charlie', 60000, 333);
INSERT INTO EMPLOYEE  VALUES (104, 'David', 65000, 444);
INSERT INTO EMPLOYEE  VALUES (105, 'Eva', 70000, 555);
INSERT INTO EMPLOYEE  VALUES (106, 'Frank', 75000, 666);
INSERT INTO EMPLOYEE  VALUES (107, 'Grace', 80000, 777);
INSERT INTO EMPLOYEE  VALUES (108, 'Hannah', 85000, 888);
INSERT INTO EMPLOYEE  VALUES (109, 'Ivan', 90000, 999);
INSERT INTO EMPLOYEE VALUES (110, 'Jack', 95000, 100);



INSERT INTO EQUIPMENT  VALUES ( TO_DATE('2024-05-01', 'YYYY-MM-DD'), 'Laptop',201, 100, 101);
INSERT INTO EQUIPMENT  VALUES ( TO_DATE('2024-05-02', 'YYYY-MM-DD'), 'Projector',202, 200, 102);
INSERT INTO EQUIPMENT  VALUES ( TO_DATE('2024-05-03', 'YYYY-MM-DD'), 'Camera',203, 300, 103);
INSERT INTO EQUIPMENT  VALUES ( TO_DATE('2024-05-04', 'YYYY-MM-DD'), 'Printer',204, 400, 104);
INSERT INTO EQUIPMENT  VALUES ( TO_DATE('2024-05-05', 'YYYY-MM-DD'), 'Tablet', 205,500, 105);
INSERT INTO EQUIPMENT  VALUES ( TO_DATE('2024-05-06', 'YYYY-MM-DD'), 'Scanner', 206,600, 106);
INSERT INTO EQUIPMENT  VALUES ( TO_DATE('2024-05-07', 'YYYY-MM-DD'), 'Monitor',207, 700, 107);
INSERT INTO EQUIPMENT  VALUES ( TO_DATE('2024-05-08', 'YYYY-MM-DD'), 'Keyboard',208, 800, 108);
INSERT INTO EQUIPMENT  VALUES ( TO_DATE('2024-05-09', 'YYYY-MM-DD'), 'Mouse',209, 900, 109);
INSERT INTO EQUIPMENT  VALUES ( TO_DATE('2024-05-10', 'YYYY-MM-DD'), 'Desk Phone',210, 1000, 110);


INSERT INTO PATIENT  VALUES (301, 'Alice', 25, 1);
INSERT INTO PATIENT  VALUES (302, 'Bob', 35, 2);
INSERT INTO PATIENT VALUES (303, 'Charlie', 45, 3);
INSERT INTO PATIENT  VALUES (304, 'David', 55, 4);
INSERT INTO PATIENT  VALUES (305, 'Eva', 65, 5);
INSERT INTO PATIENT  VALUES (306, 'Frank', 75, 6);
INSERT INTO PATIENT VALUES (307, 'Grace', 28, 7);
INSERT INTO PATIENT  VALUES (308, 'Hannah', 38, 8);
INSERT INTO PATIENT  VALUES (309, 'Ivan', 48, 9);
INSERT INTO PATIENT  VALUES (310, 'Jack', 58, 10);
